[
  {
    "id": "8589b0ac-4f47-44c3-bfe4-8ae61e590aef",
    "number": 1,
    "metadata": {
      "created_on": "2025-09-09T11:57:21.098719Z",
      "source": "wrangler",
      "author_id": "328bc097b3a841751f471df58bb7e1f0",
      "author_email": "vihaan@cognomega.com",
      "has_preview": true
    },
    "annotations": {
      "workers/triggered_by": "upload"
    }
  },
  {
    "id": "60210e42-61af-4142-a83e-dc9dd41b74d9",
    "number": 2,
    "metadata": {
      "created_on": "2025-09-09T11:57:24.808664Z",
      "source": "wrangler",
      "author_id": "328bc097b3a841751f471df58bb7e1f0",
      "author_email": "vihaan@cognomega.com",
      "has_preview": false
    },
    "annotations": {
      "workers/triggered_by": "secret"
    }
  },
  {
    "id": "76c5c20c-28c0-4e61-bc5e-6707247c200c",
    "number": 3,
    "metadata": {
      "created_on": "2025-09-09T11:57:35.002608Z",
      "source": "wrangler",
      "author_id": "328bc097b3a841751f471df58bb7e1f0",
      "author_email": "vihaan@cognomega.com",
      "has_preview": true
    },
    "annotations": {
      "workers/triggered_by": "version_upload"
    }
  },
  {
    "id": "36ec11ac-7eaf-4e27-ae09-4d6a27b63a5a",
    "number": 4,
    "metadata": {
      "created_on": "2025-09-09T12:17:20.122987Z",
      "source": "wrangler",
      "author_id": "328bc097b3a841751f471df58bb7e1f0",
      "author_email": "vihaan@cognomega.com",
      "has_preview": true
    },
    "annotations": {
      "workers/triggered_by": "version_upload"
    }
  },
  {
    "id": "85545485-930a-4833-9016-b054b6c19ba2",
    "number": 5,
    "metadata": {
      "created_on": "2025-09-09T12:25:11.603908Z",
      "source": "wrangler",
      "author_id": "328bc097b3a841751f471df58bb7e1f0",
      "author_email": "vihaan@cognomega.com",
      "has_preview": true
    },
    "annotations": {
      "workers/triggered_by": "version_upload"
    }
  },
  {
    "id": "dabb71cb-bb68-45ea-a207-dd422e066b8a",
    "number": 6,
    "metadata": {
      "created_on": "2025-09-09T13:28:22.309209Z",
      "source": "wrangler",
      "author_id": "328bc097b3a841751f471df58bb7e1f0",
      "author_email": "vihaan@cognomega.com",
      "has_preview": true
    },
    "annotations": {
      "workers/triggered_by": "version_upload"
    }
  },
  {
    "id": "c5777f66-25cf-4025-b7b6-0c73f2fc5a5a",
    "number": 7,
    "metadata": {
      "created_on": "2025-09-09T15:06:54.788227Z",
      "source": "wrangler",
      "author_id": "328bc097b3a841751f471df58bb7e1f0",
      "author_email": "vihaan@cognomega.com",
      "has_preview": true
    },
    "annotations": {
      "workers/triggered_by": "version_upload"
    }
  },
  {
    "id": "69ed98dd-5316-4cbd-88bd-64b8e8730adf",
    "number": 8,
    "metadata": {
      "created_on": "2025-09-09T15:10:57.44207Z",
      "source": "wrangler",
      "author_id": "328bc097b3a841751f471df58bb7e1f0",
      "author_email": "vihaan@cognomega.com",
      "has_preview": true
    },
    "annotations": {
      "workers/triggered_by": "version_upload"
    }
  },
  {
    "id": "4cf3332c-5216-4fec-a36f-8fb83156bbf1",
    "number": 9,
    "metadata": {
      "created_on": "2025-09-09T16:19:09.847663Z",
      "source": "dash",
      "author_id": "328bc097b3a841751f471df58bb7e1f0",
      "author_email": "vihaan@cognomega.com",
      "has_preview": true
    },
    "annotations": {
      "workers/message": "Added KV namespace binding KEYS",
      "workers/triggered_by": "version_upload"
    }
  },
  {
    "id": "2109a2cd-7eea-4137-9cee-bf269f3bb25d",
    "number": 10,
    "metadata": {
      "created_on": "2025-09-10T02:26:41.276064Z",
      "source": "dash",
      "author_id": "328bc097b3a841751f471df58bb7e1f0",
      "author_email": "vihaan@cognomega.com",
      "has_preview": true
    },
    "annotations": {
      "workers/message": "Add secret: PRIVATE_KEY_PEM",
      "workers/triggered_by": "version_upload"
    }
  },
  {
    "id": "d9626de7-3d15-4c21-a3df-cd85023830f6",
    "number": 11,
    "metadata": {
      "created_on": "2025-09-10T05:43:03.8323Z",
      "source": "wrangler",
      "author_id": "328bc097b3a841751f471df58bb7e1f0",
      "author_email": "vihaan@cognomega.com",
      "has_preview": false
    },
    "annotations": {
      "workers/triggered_by": "secret"
    }
  },
  {
    "id": "515db200-d0a4-4a6d-8a07-7dfdb6cc904a",
    "number": 12,
    "metadata": {
      "created_on": "2025-09-10T05:59:41.0993Z",
      "source": "wrangler",
      "author_id": "328bc097b3a841751f471df58bb7e1f0",
      "author_email": "vihaan@cognomega.com",
      "has_preview": false
    },
    "annotations": {
      "workers/triggered_by": "secret"
    }
  },
  {
    "id": "9f5b5018-1b20-4155-9e9f-68a16bdd5438",
    "number": 13,
    "metadata": {
      "created_on": "2025-09-10T06:03:52.460631Z",
      "source": "dash",
      "author_id": "328bc097b3a841751f471df58bb7e1f0",
      "author_email": "vihaan@cognomega.com",
      "has_preview": false
    },
    "annotations": {
      "workers/triggered_by": "secret"
    }
  },
  {
    "id": "54419cfe-d964-4d4d-88ad-1e87115c741f",
    "number": 14,
    "metadata": {
      "created_on": "2025-09-10T06:04:32.384725Z",
      "source": "dash",
      "author_id": "328bc097b3a841751f471df58bb7e1f0",
      "author_email": "vihaan@cognomega.com",
      "has_preview": true
    },
    "annotations": {
      "workers/message": "Add secret: PRIVATE_KEY_PEM",
      "workers/triggered_by": "version_upload"
    }
  },
  {
    "id": "eba2bcf4-50c2-45ef-856c-a47be8dbeb2a",
    "number": 15,
    "metadata": {
      "created_on": "2025-09-10T06:12:10.650374Z",
      "source": "wrangler",
      "author_id": "328bc097b3a841751f471df58bb7e1f0",
      "author_email": "vihaan@cognomega.com",
      "has_preview": true
    },
    "annotations": {
      "workers/triggered_by": "version_upload"
    }
  },
  {
    "id": "4c964e3c-a700-4188-829a-23c13ba07f28",
    "number": 16,
    "metadata": {
      "created_on": "2025-09-10T18:17:47.793271Z",
      "source": "wrangler",
      "author_id": "328bc097b3a841751f471df58bb7e1f0",
      "author_email": "vihaan@cognomega.com",
      "has_preview": true
    },
    "annotations": {
      "workers/triggered_by": "version_upload"
    }
  },
  {
    "id": "cd3c241c-f853-4d55-a2dc-d07ddb552fac",
    "number": 17,
    "metadata": {
      "created_on": "2025-09-11T05:10:20.044539Z",
      "source": "wrangler",
      "author_id": "328bc097b3a841751f471df58bb7e1f0",
      "author_email": "vihaan@cognomega.com",
      "has_preview": true
    },
    "annotations": {
      "workers/triggered_by": "version_upload"
    }
  },
  {
    "id": "c6f11651-fa64-4553-8b28-de06a19f1d78",
    "number": 18,
    "metadata": {
      "created_on": "2025-09-11T05:17:22.642683Z",
      "source": "wrangler",
      "author_id": "328bc097b3a841751f471df58bb7e1f0",
      "author_email": "vihaan@cognomega.com",
      "has_preview": true
    },
    "annotations": {
      "workers/triggered_by": "version_upload"
    }
  },
  {
    "id": "5ed80eb7-99c2-41d8-b4e6-21d9b7ef4776",
    "number": 19,
    "metadata": {
      "created_on": "2025-09-11T09:42:11.597045Z",
      "source": "wrangler",
      "author_id": "328bc097b3a841751f471df58bb7e1f0",
      "author_email": "vihaan@cognomega.com",
      "has_preview": true
    },
    "annotations": {
      "workers/triggered_by": "version_upload"
    }
  },
  {
    "id": "96087b2e-88ad-4a22-b088-73beaff4ae81",
    "number": 20,
    "metadata": {
      "created_on": "2025-09-11T10:30:12.788033Z",
      "source": "wrangler",
      "author_id": "328bc097b3a841751f471df58bb7e1f0",
      "author_email": "vihaan@cognomega.com",
      "has_preview": true
    },
    "annotations": {
      "workers/triggered_by": "version_upload"
    }
  },
  {
    "id": "ad70c33c-8fbb-44f1-b4d9-7b653708b5d5",
    "number": 21,
    "metadata": {
      "created_on": "2025-09-11T10:39:58.981607Z",
      "source": "wrangler",
      "author_id": "328bc097b3a841751f471df58bb7e1f0",
      "author_email": "vihaan@cognomega.com",
      "has_preview": true
    },
    "annotations": {
      "workers/triggered_by": "version_upload"
    }
  },
  {
    "id": "f2b06cca-a3e4-45ce-8f4f-16cf56bc7d99",
    "number": 22,
    "metadata": {
      "created_on": "2025-09-11T16:57:02.463579Z",
      "source": "wrangler",
      "author_id": "328bc097b3a841751f471df58bb7e1f0",
      "author_email": "vihaan@cognomega.com",
      "has_preview": true
    },
    "annotations": {
      "workers/triggered_by": "version_upload"
    }
  },
  {
    "id": "b2b32b5e-83ae-462e-908d-3c4a302b49b9",
    "number": 23,
    "metadata": {
      "created_on": "2025-09-11T17:16:52.405224Z",
      "source": "wrangler",
      "author_id": "328bc097b3a841751f471df58bb7e1f0",
      "author_email": "vihaan@cognomega.com",
      "has_preview": true
    },
    "annotations": {
      "workers/triggered_by": "version_upload"
    }
  },
  {
    "id": "0cc5f523-5c1a-4ad0-a2d2-0b1e07b4a14e",
    "number": 24,
    "metadata": {
      "created_on": "2025-09-11T17:56:06.025528Z",
      "source": "wrangler",
      "author_id": "328bc097b3a841751f471df58bb7e1f0",
      "author_email": "vihaan@cognomega.com",
      "has_preview": true
    },
    "annotations": {
      "workers/triggered_by": "version_upload"
    }
  },
  {
    "id": "e81bd55f-bceb-4424-9579-ba9673c654c8",
    "number": 25,
    "metadata": {
      "created_on": "2025-09-11T18:21:26.144927Z",
      "source": "wrangler",
      "author_id": "328bc097b3a841751f471df58bb7e1f0",
      "author_email": "vihaan@cognomega.com",
      "has_preview": true
    },
    "annotations": {
      "workers/triggered_by": "version_upload"
    }
  },
  {
    "id": "2fc034a9-3ab8-49c2-bd70-c3a064c3667b",
    "number": 26,
    "metadata": {
      "created_on": "2025-09-12T01:33:20.330694Z",
      "source": "wrangler",
      "author_id": "328bc097b3a841751f471df58bb7e1f0",
      "author_email": "vihaan@cognomega.com",
      "has_preview": true
    },
    "annotations": {
      "workers/triggered_by": "version_upload"
    }
  },
  {
    "id": "05e4124b-110f-47f0-a636-fab36139c073",
    "number": 27,
    "metadata": {
      "created_on": "2025-09-12T01:46:31.442996Z",
      "source": "wrangler",
      "author_id": "328bc097b3a841751f471df58bb7e1f0",
      "author_email": "vihaan@cognomega.com",
      "has_preview": false
    },
    "annotations": {
      "workers/triggered_by": "secret"
    }
  },
  {
    "id": "f50d8488-3afe-4604-8a1d-06229689048c",
    "number": 28,
    "metadata": {
      "created_on": "2025-09-12T01:47:18.584141Z",
      "source": "wrangler",
      "author_id": "328bc097b3a841751f471df58bb7e1f0",
      "author_email": "vihaan@cognomega.com",
      "has_preview": false
    },
    "annotations": {
      "workers/triggered_by": "secret"
    }
  },
  {
    "id": "61561912-16f3-4846-be4f-c0ffe73304d9",
    "number": 29,
    "metadata": {
      "created_on": "2025-09-12T02:39:18.860435Z",
      "source": "wrangler",
      "author_id": "328bc097b3a841751f471df58bb7e1f0",
      "author_email": "vihaan@cognomega.com",
      "has_preview": true
    },
    "annotations": {
      "workers/triggered_by": "version_upload"
    }
  },
  {
    "id": "361a09fd-e532-4582-bc5d-bd1aebd4575b",
    "number": 30,
    "metadata": {
      "created_on": "2025-09-12T03:13:58.374447Z",
      "source": "wrangler",
      "author_id": "328bc097b3a841751f471df58bb7e1f0",
      "author_email": "vihaan@cognomega.com",
      "has_preview": true
    },
    "annotations": {
      "workers/triggered_by": "version_upload"
    }
  },
  {
    "id": "ab8e9a9f-e0ca-407c-bc7e-eb013810d202",
    "number": 31,
    "metadata": {
      "created_on": "2025-09-12T03:19:50.106889Z",
      "source": "wrangler",
      "author_id": "328bc097b3a841751f471df58bb7e1f0",
      "author_email": "vihaan@cognomega.com",
      "has_preview": true
    },
    "annotations": {
      "workers/triggered_by": "version_upload"
    }
  },
  {
    "id": "2eb49947-70f3-4807-a88a-72762ef45cbd",
    "number": 32,
    "metadata": {
      "created_on": "2025-09-12T04:08:10.846743Z",
      "source": "wrangler",
      "author_id": "328bc097b3a841751f471df58bb7e1f0",
      "author_email": "vihaan@cognomega.com",
      "has_preview": true
    },
    "annotations": {
      "workers/triggered_by": "version_upload"
    }
  },
  {
    "id": "d04c1093-e2b8-4c6f-89f7-f3f1bfa918a4",
    "number": 33,
    "metadata": {
      "created_on": "2025-09-12T04:16:38.582277Z",
      "source": "wrangler",
      "author_id": "328bc097b3a841751f471df58bb7e1f0",
      "author_email": "vihaan@cognomega.com",
      "has_preview": false
    },
    "annotations": {
      "workers/triggered_by": "secret"
    }
  },
  {
    "id": "58f8612e-f078-4126-a983-654b0e75fae2",
    "number": 34,
    "metadata": {
      "created_on": "2025-09-12T04:17:12.152431Z",
      "source": "wrangler",
      "author_id": "328bc097b3a841751f471df58bb7e1f0",
      "author_email": "vihaan@cognomega.com",
      "has_preview": true
    },
    "annotations": {
      "workers/triggered_by": "version_upload"
    }
  },
  {
    "id": "171e670d-65e4-4bd2-8b86-54988db0449c",
    "number": 35,
    "metadata": {
      "created_on": "2025-09-12T04:42:14.493366Z",
      "source": "wrangler",
      "author_id": "328bc097b3a841751f471df58bb7e1f0",
      "author_email": "vihaan@cognomega.com",
      "has_preview": true
    },
    "annotations": {
      "workers/triggered_by": "version_upload"
    }
  },
  {
    "id": "41a0b32e-738a-4b69-a7c7-ab44d00bc79e",
    "number": 36,
    "metadata": {
      "created_on": "2025-09-12T04:59:50.689104Z",
      "source": "wrangler",
      "author_id": "328bc097b3a841751f471df58bb7e1f0",
      "author_email": "vihaan@cognomega.com",
      "has_preview": true
    },
    "annotations": {
      "workers/triggered_by": "version_upload"
    }
  },
  {
    "id": "ebec3dda-c92a-41ce-bae5-159f7adc93ce",
    "number": 37,
    "metadata": {
      "created_on": "2025-09-12T05:17:27.196Z",
      "source": "wrangler",
      "author_id": "328bc097b3a841751f471df58bb7e1f0",
      "author_email": "vihaan@cognomega.com",
      "has_preview": true
    },
    "annotations": {
      "workers/triggered_by": "version_upload"
    }
  },
  {
    "id": "5e05d53e-aef7-4b72-8096-6dab41de625a",
    "number": 38,
    "metadata": {
      "created_on": "2025-09-12T05:33:00.443422Z",
      "source": "wrangler",
      "author_id": "328bc097b3a841751f471df58bb7e1f0",
      "author_email": "vihaan@cognomega.com",
      "has_preview": true
    },
    "annotations": {
      "workers/triggered_by": "version_upload"
    }
  },
  {
    "id": "c655aa4b-011d-4dde-b3c4-556bb6c8b925",
    "number": 39,
    "metadata": {
      "created_on": "2025-09-12T05:48:57.818457Z",
      "source": "wrangler",
      "author_id": "328bc097b3a841751f471df58bb7e1f0",
      "author_email": "vihaan@cognomega.com",
      "has_preview": true
    },
    "annotations": {
      "workers/triggered_by": "version_upload"
    }
  },
  {
    "id": "42c31d9a-9930-4cb9-8285-9b5c835c3fcc",
    "number": 40,
    "metadata": {
      "created_on": "2025-09-12T06:30:14.761904Z",
      "source": "wrangler",
      "author_id": "328bc097b3a841751f471df58bb7e1f0",
      "author_email": "vihaan@cognomega.com",
      "has_preview": true
    },
    "annotations": {
      "workers/triggered_by": "version_upload"
    }
  },
  {
    "id": "1e508ee0-6cc0-4728-8665-78746b4dce6c",
    "number": 41,
    "metadata": {
      "created_on": "2025-09-12T07:03:27.280057Z",
      "source": "wrangler",
      "author_id": "328bc097b3a841751f471df58bb7e1f0",
      "author_email": "vihaan@cognomega.com",
      "has_preview": true
    },
    "annotations": {
      "workers/triggered_by": "version_upload"
    }
  },
  {
    "id": "8a40d8d1-9daf-47bb-9f49-10ac4c71d4e2",
    "number": 42,
    "metadata": {
      "created_on": "2025-09-12T07:33:45.180389Z",
      "source": "wrangler",
      "author_id": "328bc097b3a841751f471df58bb7e1f0",
      "author_email": "vihaan@cognomega.com",
      "has_preview": true
    },
    "annotations": {
      "workers/triggered_by": "version_upload"
    }
  },
  {
    "id": "aa002a98-c43d-4ba0-b479-ab291c07f6a3",
    "number": 43,
    "metadata": {
      "created_on": "2025-09-12T12:37:33.031105Z",
      "source": "wrangler",
      "author_id": "328bc097b3a841751f471df58bb7e1f0",
      "author_email": "vihaan@cognomega.com",
      "has_preview": true
    },
    "annotations": {
      "workers/triggered_by": "version_upload"
    }
  },
  {
    "id": "0c86e2d0-1f53-45f0-b02b-ad6a172b3396",
    "number": 44,
    "metadata": {
      "created_on": "2025-09-13T03:16:35.662784Z",
      "source": "wrangler",
      "author_id": "328bc097b3a841751f471df58bb7e1f0",
      "author_email": "vihaan@cognomega.com",
      "has_preview": true
    },
    "annotations": {
      "workers/triggered_by": "version_upload"
    }
  },
  {
    "id": "afb2c1f3-3507-47c1-ac0d-9d32c6097544",
    "number": 45,
    "metadata": {
      "created_on": "2025-09-13T04:18:37.305577Z",
      "source": "wrangler",
      "author_id": "328bc097b3a841751f471df58bb7e1f0",
      "author_email": "vihaan@cognomega.com",
      "has_preview": true
    },
    "annotations": {
      "workers/triggered_by": "version_upload"
    }
  },
  {
    "id": "85730d88-24e9-4c4d-b12b-2bb99985fc8a",
    "number": 46,
    "metadata": {
      "created_on": "2025-09-13T04:57:14.688075Z",
      "source": "wrangler",
      "author_id": "328bc097b3a841751f471df58bb7e1f0",
      "author_email": "vihaan@cognomega.com",
      "has_preview": true
    },
    "annotations": {
      "workers/triggered_by": "version_upload"
    }
  },
  {
    "id": "5d76170e-749d-4295-8668-263825d6557c",
    "number": 47,
    "metadata": {
      "created_on": "2025-09-13T06:41:39.71637Z",
      "source": "wrangler",
      "author_id": "328bc097b3a841751f471df58bb7e1f0",
      "author_email": "vihaan@cognomega.com",
      "has_preview": true
    },
    "annotations": {
      "workers/triggered_by": "version_upload"
    }
  },
  {
    "id": "7ebfcc9b-3b82-40fb-bdf4-8a09faf12cb2",
    "number": 48,
    "metadata": {
      "created_on": "2025-09-13T07:20:14.215184Z",
      "source": "wrangler",
      "author_id": "328bc097b3a841751f471df58bb7e1f0",
      "author_email": "vihaan@cognomega.com",
      "has_preview": true
    },
    "annotations": {
      "workers/triggered_by": "version_upload"
    }
  },
  {
    "id": "c9bf4192-7f7d-43fd-964d-79419c01f4f3",
    "number": 49,
    "metadata": {
      "created_on": "2025-09-13T07:20:19.576771Z",
      "source": "wrangler",
      "author_id": "328bc097b3a841751f471df58bb7e1f0",
      "author_email": "vihaan@cognomega.com",
      "has_preview": true
    },
    "annotations": {
      "workers/triggered_by": "version_upload"
    }
  },
  {
    "id": "2b7d96d5-034f-49ce-8cb1-b1467e88d88d",
    "number": 50,
    "metadata": {
      "created_on": "2025-09-13T16:15:25.238988Z",
      "source": "wrangler",
      "author_id": "328bc097b3a841751f471df58bb7e1f0",
      "author_email": "vihaan@cognomega.com",
      "has_preview": true
    },
    "annotations": {
      "workers/triggered_by": "version_upload"
    }
  },
  {
    "id": "6a85ef40-2e9a-49db-9699-6d4053f57967",
    "number": 51,
    "metadata": {
      "created_on": "2025-09-13T17:00:20.83531Z",
      "source": "wrangler",
      "author_id": "328bc097b3a841751f471df58bb7e1f0",
      "author_email": "vihaan@cognomega.com",
      "has_preview": true
    },
    "annotations": {
      "workers/triggered_by": "version_upload"
    }
  },
  {
    "id": "472058fc-d0a7-4bd1-a4c4-97d379712f44",
    "number": 52,
    "metadata": {
      "created_on": "2025-09-13T19:44:51.803583Z",
      "source": "wrangler",
      "author_id": "328bc097b3a841751f471df58bb7e1f0",
      "author_email": "vihaan@cognomega.com",
      "has_preview": true
    },
    "annotations": {
      "workers/triggered_by": "version_upload"
    }
  },
  {
    "id": "25870771-afa6-4671-8d50-f7223e31f795",
    "number": 53,
    "metadata": {
      "created_on": "2025-09-13T19:59:54.872346Z",
      "source": "wrangler",
      "author_id": "328bc097b3a841751f471df58bb7e1f0",
      "author_email": "vihaan@cognomega.com",
      "has_preview": true
    },
    "annotations": {
      "workers/triggered_by": "version_upload"
    }
  },
  {
    "id": "3ce5ed29-3040-4226-8849-dc13a9191f60",
    "number": 54,
    "metadata": {
      "created_on": "2025-09-13T20:37:45.438935Z",
      "source": "wrangler",
      "author_id": "328bc097b3a841751f471df58bb7e1f0",
      "author_email": "vihaan@cognomega.com",
      "has_preview": true
    },
    "annotations": {
      "workers/triggered_by": "version_upload"
    }
  },
  {
    "id": "a5cc7df0-0082-4cff-bacf-6af4d5dee232",
    "number": 55,
    "metadata": {
      "created_on": "2025-09-14T04:01:11.646439Z",
      "source": "wrangler",
      "author_id": "328bc097b3a841751f471df58bb7e1f0",
      "author_email": "vihaan@cognomega.com",
      "has_preview": true
    },
    "annotations": {
      "workers/triggered_by": "version_upload"
    }
  },
  {
    "id": "17f3abd1-5756-4c0e-82b7-ec91463d5115",
    "number": 56,
    "metadata": {
      "created_on": "2025-09-14T04:05:00.066262Z",
      "source": "wrangler",
      "author_id": "328bc097b3a841751f471df58bb7e1f0",
      "author_email": "vihaan@cognomega.com",
      "has_preview": true
    },
    "annotations": {
      "workers/triggered_by": "version_upload"
    }
  },
  {
    "id": "3b823026-ef28-4dc2-ae01-31bc5b5c8fa8",
    "number": 57,
    "metadata": {
      "created_on": "2025-09-14T04:26:56.610744Z",
      "source": "wrangler",
      "author_id": "328bc097b3a841751f471df58bb7e1f0",
      "author_email": "vihaan@cognomega.com",
      "has_preview": true
    },
    "annotations": {
      "workers/triggered_by": "version_upload"
    }
  },
  {
    "id": "c6a18b3e-2842-4246-b790-89e49bee18d8",
    "number": 58,
    "metadata": {
      "created_on": "2025-09-14T16:18:20.465782Z",
      "source": "wrangler",
      "author_id": "328bc097b3a841751f471df58bb7e1f0",
      "author_email": "vihaan@cognomega.com",
      "has_preview": true
    },
    "annotations": {
      "workers/triggered_by": "version_upload"
    }
  },
  {
    "id": "53ff3e6c-e8bb-46b9-a9d1-ded573a3a27f",
    "number": 59,
    "metadata": {
      "created_on": "2025-09-15T08:46:54.456901Z",
      "source": "wrangler",
      "author_id": "328bc097b3a841751f471df58bb7e1f0",
      "author_email": "vihaan@cognomega.com",
      "has_preview": true
    },
    "annotations": {
      "workers/triggered_by": "version_upload"
    }
  },
  {
    "id": "1c869123-8eb5-4add-b2c6-4a5af766b9a1",
    "number": 60,
    "metadata": {
      "created_on": "2025-09-15T08:47:09.894615Z",
      "source": "wrangler",
      "author_id": "328bc097b3a841751f471df58bb7e1f0",
      "author_email": "vihaan@cognomega.com",
      "has_preview": true
    },
    "annotations": {
      "workers/triggered_by": "version_upload"
    }
  },
  {
    "id": "e77eb03a-24a4-4d63-b736-aa4d31c1b753",
    "number": 61,
    "metadata": {
      "created_on": "2025-09-15T08:51:03.110242Z",
      "source": "wrangler",
      "author_id": "328bc097b3a841751f471df58bb7e1f0",
      "author_email": "vihaan@cognomega.com",
      "has_preview": true
    },
    "annotations": {
      "workers/triggered_by": "version_upload"
    }
  },
  {
    "id": "ecaf2f74-8d9f-48f2-ab27-c727534c2af6",
    "number": 62,
    "metadata": {
      "created_on": "2025-09-15T08:52:15.599866Z",
      "source": "wrangler",
      "author_id": "328bc097b3a841751f471df58bb7e1f0",
      "author_email": "vihaan@cognomega.com",
      "has_preview": true
    },
    "annotations": {
      "workers/triggered_by": "version_upload"
    }
  }
]
